member_id,member_name,age,gender,phone_number,join_date,loyalty_tier,churn_status
1,Bruno Silva,47.0,M,+5592975323506,2023-11-11 12:03:00,Silver,Churned
2,Rafael Gomes,50.0,F,+5586943976280,2024-03-19 10:39:00,Gold,Active
3,Guilherme Souza,52.0,F,0,2022-10-09 13:08:00,Gold,Active
4,Matheus Ferreira,37.0,F,+5546991061166,2025-09-07 14:05:00,Basic,Active
5,Fernanda Pereira,31.0,F,+5513915245820,2024-07-03 11:58:00,Silver,Active
6,Leonardo Ferreira,49.0,F,+5581954196764,,Basic,Active
7,Ana Ribeiro,23.0,M,+5572945309595,2021-02-23 14:39:00,Gold,Churned
8,Beatriz Souza,35.0,M,+5516908935786,2024-12-27 10:13:00,Basic,Churned
9,Isabela Santos,52.0,F,+5554930201841,2024-04-06 17:06:00,Gold,Active
10,Pedro Alves,52.0,M,+5583949782395,,Basic,Churned
11,Manuela Gomes,30.0,F,+5549996428025,2024-01-20 14:21:00,Silver,Active
12,Ana Martins,29.0,F,+5533990432229,2019-11-29 12:00:00,Basic,Active
13,Isabela Rodrigues,39.5,F,+5569911664824,2022-03-04 14:25:00,Silver,Active
14,Matheus Alves,30.0,M,+5520909773718,2021-12-24 15:19:00,Silver,Churned
15,Beatriz Pereira,60.0,F,+5575988479090,2023-07-07 15:31:00,Silver,Churned
16,Bruno Gomes,21.0,M,+5513944151659,2025-06-14 14:35:00,Basic,Active
17,Guilherme Rodrigues,53.0,F,+5571957007690,2024-07-07 16:18:00,Silver,Churned
18,Bruno Alves,34.0,F,0,2025-03-03 15:27:00,Basic,Active
19,Ana Martins,48.0,M,+5517930739494,2025-01-31 16:04:00,Silver,Active
20,Mariana Souza,24.0,F,+5573919891472,2023-11-30 12:18:00,Silver,Active
21,Julia Rodrigues,51.0,F,+5525975602924,2020-01-17 10:58:00,Basic,Churned
22,Beatriz Lima,42.0,F,+5581923697284,2024-04-18 11:59:00,Silver,Active
23,Gabriel Carvalho,39.5,F,+5575943771042,2022-10-24 14:29:00,Basic,Active
24,Isabela Carvalho,50.0,F,+5580961808460,2022-11-14 13:56:00,Gold,Churned
25,Larissa Gomes,42.0,M,+5559963253492,2022-07-27 09:30:00,Basic,Active
26,Leonardo Ferreira,44.0,M,+5512923617717,2024-11-24 10:07:00,Gold,Active
27,Rafael Ferreira,41.0,M,+5579962266188,2022-09-07 17:52:00,Gold,Active
28,Karina Silva,31.0,F,+5566916122646,2021-07-20 15:24:00,Silver,Churned
29,Mariana Ferreira,34.0,F,+5542987027751,2023-03-16 15:36:00,Silver,Active
30,Pedro Gomes,55.0,M,+5529938048555,2024-07-31 10:38:00,Basic,Active
31,Guilherme Rodrigues,26.0,M,+5586949017951,2023-12-15 09:18:00,Basic,Active
32,Diego Carvalho,31.0,F,+5548948371359,2025-05-31 11:44:00,Silver,Active
33,Leonardo Carvalho,19.0,F,+5540999466772,2022-03-18 16:30:00,Basic,Active
34,Gabriel Costa,56.0,M,+5515994956977,2022-06-19 13:21:00,Basic,Active
35,Fernanda Oliveira,50.0,F,+5545926955210,2024-12-14 16:17:00,Gold,Churned
36,Beatriz Ribeiro,23.0,F,+5539965116992,2019-11-05 13:44:00,Basic,Active
37,Ana Pereira,59.0,F,+5592960862775,2025-07-22 13:14:00,Basic,Active
38,Karina Ferreira,30.0,M,+5549966892911,2024-03-16 14:07:00,Gold,Active
39,Isabela Santos,50.0,M,+5596988507866,2023-05-11 17:52:00,Silver,Churned
40,Ana Carvalho,42.0,F,+5538972648285,2019-05-15 12:19:00,Gold,Active
41,Camila Lima,57.0,F,+5535920018450,2019-09-06 14:38:00,Basic,Active
42,Lucas Silva,31.0,M,+5581933944538,2025-05-01 17:42:00,Basic,Churned
43,Manuela Silva,25.0,M,+5533918011422,2025-01-21 12:50:00,Basic,Churned
44,Leonardo Ferreira,39.5,F,+5564986192862,2019-08-03 16:37:00,Basic,Churned
45,João Gomes,48.0,M,+5595985435941,2019-06-27 13:42:00,Gold,Active
46,Isabela Carvalho,59.0,M,+5567912042323,2024-07-01 16:50:00,Basic,Active
47,Manuela Costa,36.0,F,+5569982828048,2025-09-12 13:56:00,Silver,Churned
48,Karina Ribeiro,43.0,F,+5569965327815,2021-07-24 14:02:00,Basic,Active
49,Rafael Ferreira,59.0,F,0,2019-10-02 11:44:00,Basic,Active
50,Camila Martins,19.0,F,+5596969291842,2020-05-15 14:10:00,Silver,Active
51,Leonardo Lima,58.0,F,+5555991137022,2021-07-07 11:53:00,Basic,Active
52,Fernanda Carvalho,55.0,M,+5599943811474,2025-10-30 14:02:00,Silver,Active
53,Bruno Ferreira,39.5,M,+5519923241502,2025-05-08 16:14:00,Silver,Active
54,Guilherme Ferreira,35.0,F,+5517925493579,2025-05-13 12:11:00,Basic,Active
55,Guilherme Costa,54.0,F,+5576918646655,2023-08-24 12:36:00,Basic,Active
56,Isabela Lima,18.0,M,+5518901254349,2023-06-07 11:00:00,Basic,Active
57,Rafael Rodrigues,16.0,F,+5559987254770,2023-10-30 15:01:00,Gold,Churned
58,Pedro Alves,18.0,F,+5520951298033,2019-03-18 14:30:00,Silver,Active
59,Ana Alves,39.5,F,+5590975386928,2020-12-04 13:58:00,Gold,Active
60,Leonardo Alves,41.0,F,+5532912519363,2022-10-22 09:31:00,Silver,Active
61,Camila Ferreira,57.0,M,+5543932323842,2021-08-25 09:26:00,Silver,Active
62,Julia Martins,45.0,F,+5590952956179,2025-05-01 09:39:00,Basic,Active
63,Beatriz Martins,19.0,F,0,2024-09-09 16:33:00,Basic,Active
64,Camila Carvalho,57.0,M,+5570995081672,2025-08-30 16:23:00,Gold,Active
65,Bruno Gomes,25.0,M,+5554913819266,2024-01-20 09:35:00,Basic,Active
66,Guilherme Lima,26.0,F,+5560966976543,2023-03-08 09:00:00,Basic,Active
67,Bruno Santos,51.0,F,+5595998743463,2022-03-09 16:14:00,Silver,Active
68,Camila Rodrigues,60.0,F,+5521950727171,2020-06-12 13:40:00,Basic,Active
69,João Santos,43.0,F,+5534935096598,2019-03-16 11:20:00,Basic,Active
70,Gabriel Oliveira,39.5,M,+5578906186517,2024-09-10 14:03:00,Silver,Active
71,Gabriel Oliveira,60.0,M,0,2023-11-28 11:07:00,Basic,Active
72,Guilherme Gomes,44.0,M,+5571931787026,2024-12-27 10:51:00,Silver,Active
73,Beatriz Martins,49.0,F,+5588922675096,2020-10-25 12:19:00,Basic,Active
74,Ana Ribeiro,23.0,F,+5545973619410,2019-12-10 17:01:00,Basic,Churned
75,Larissa Carvalho,38.0,M,0,2023-08-27 15:43:00,Silver,Active
76,Pedro Ferreira,36.0,M,+5528906275700,2022-10-05 10:31:00,Basic,Churned
77,Isabela Pereira,21.0,M,+5530989919647,2021-11-14 14:27:00,Silver,Active
78,Ana Silva,56.0,F,+5574997769782,2019-09-15 16:53:00,Silver,Active
79,Gabriel Rodrigues,55.0,F,+5534914029576,2021-09-12 17:18:00,Basic,Active
80,João Martins,51.0,M,+5516963387116,2023-05-19 15:34:00,Basic,Churned
81,Camila Souza,56.0,M,+5553921851726,2025-07-11 10:44:00,Basic,Active
82,Guilherme Ribeiro,27.0,M,+5569906055807,2019-09-16 11:36:00,Silver,Churned
83,Bruno Rodrigues,50.0,F,0,2021-11-03 10:12:00,Silver,Active
84,Mariana Carvalho,33.0,M,+5562972047334,2023-02-16 10:40:00,Basic,Active
85,Camila Martins,21.0,F,+5534989375813,2019-11-20 10:44:00,Basic,Active
86,Beatriz Pereira,43.0,M,+5516957768126,2023-12-24 11:07:00,Gold,Churned
87,Pedro Costa,39.0,M,+5588971791570,2019-05-08 13:09:00,Basic,Active
88,Camila Alves,18.0,M,+5558972732259,2024-01-17 12:40:00,Silver,Active
89,Rafael Souza,17.0,M,+5582919295288,2024-08-06 12:07:00,Silver,Active
90,Manuela Rodrigues,47.0,M,+5520974063828,2020-05-17 11:52:00,Basic,Active
91,Bruno Costa,20.0,F,+5592928526922,2022-05-13 10:06:00,Basic,Active
92,Gabriel Souza,17.0,F,+5570990383126,2025-03-19 17:58:00,Basic,Active
93,Isabela Lima,42.0,M,+5593912158372,2020-05-28 14:40:00,Silver,Active
94,Karina Costa,24.0,F,+5518920349488,2024-08-21 11:26:00,Basic,Active
95,Larissa Ferreira,49.0,F,+5592990245496,2019-11-20 16:16:00,Basic,Active
96,João Costa,53.0,M,+5588955311674,2020-12-02 16:20:00,Basic,Active
97,Leonardo Rodrigues,52.0,F,+5591989385745,2019-05-05 17:44:00,Basic,Active
98,Diego Rodrigues,60.0,M,+5572976094342,2020-10-09 10:45:00,Basic,Churned
99,Bruno Ribeiro,38.0,F,+5576992022739,2020-06-19 14:12:00,Basic,Active
100,Larissa Oliveira,34.0,F,+5531953646123,2023-09-09 17:32:00,Basic,Churned
101,Guilherme Pereira,47.0,M,+5575974914944,2020-01-04 16:59:00,Basic,Active
102,Isabela Gomes,57.0,F,+5524970603194,2022-03-16 11:15:00,Silver,Churned
103,Camila Silva,52.0,M,+5520963299261,2023-01-24 17:41:00,Silver,Churned
104,Manuela Costa,24.0,M,+5554991396990,2023-06-02 12:10:00,Basic,Active
105,João Silva,39.5,M,+5577974873440,2022-09-26 13:50:00,Silver,Active
106,Manuela Ferreira,55.0,F,+5576987219025,2025-08-28 14:10:00,Basic,Churned
107,Camila Ferreira,42.0,F,+5544994774728,2019-04-20 15:17:00,Silver,Active
108,Manuela Martins,25.0,M,+5525931251310,2019-05-10 10:27:00,Basic,Active
109,Matheus Alves,55.0,F,+5577933976325,2019-09-13 13:22:00,Basic,Active
110,Julia Pereira,37.0,F,+5535940385571,,Basic,Churned
111,Beatriz Martins,29.0,F,+5582944805715,2022-07-22 13:38:00,Silver,Active
112,Diego Carvalho,25.0,F,+5521956748247,2019-06-22 11:01:00,Silver,Active
113,Karina Rodrigues,60.0,F,+5586939204972,2020-07-16 09:59:00,Gold,Active
114,Larissa Silva,37.0,F,+5528900843587,2020-02-16 13:03:00,Gold,Churned
115,Isabela Costa,34.0,F,+5522994064804,2022-03-15 15:20:00,Silver,Churned
116,Julia Alves,27.0,M,+5534947421613,2023-06-15 13:55:00,Silver,Active
117,Bruno Rodrigues,57.0,F,+5570944704159,2020-07-03 17:09:00,Basic,Active
118,Rafael Ribeiro,37.0,F,+5535928757643,2025-05-14 14:04:00,Silver,Active
119,Ana Oliveira,46.0,F,0,2021-10-13 13:44:00,Basic,Active
120,Rafael Ferreira,52.0,M,+5599938712017,2021-12-07 09:04:00,Basic,Active
121,João Ribeiro,60.0,M,+5539935903188,2022-04-23 14:53:00,Basic,Churned
122,Camila Alves,46.0,M,+5587913419609,2021-10-10 10:27:00,Silver,Active
123,Leonardo Santos,39.5,M,+5532953759525,2025-06-03 15:52:00,Silver,Active
124,Isabela Santos,44.0,M,+5564974841945,2024-02-01 10:14:00,Silver,Active
125,Lucas Alves,16.0,M,0,2025-06-26 17:08:00,Basic,Active
126,Karina Silva,20.0,F,+5534922187887,2019-05-10 11:57:00,Gold,Active
127,Diego Alves,58.0,M,+5579964399664,2022-11-25 12:45:00,Gold,Churned
128,Lucas Rodrigues,50.0,F,+5540940558546,2024-12-18 10:54:00,Basic,Churned
129,Ana Silva,42.0,M,+5523997311550,2021-09-12 10:19:00,Silver,Churned
130,Larissa Ribeiro,39.5,F,+5518922959255,2021-08-17 17:24:00,Basic,Churned
131,Leonardo Ferreira,59.0,F,+5529985404621,2021-08-28 11:34:00,Basic,Active
132,Leonardo Ribeiro,56.0,F,+5555962449592,2025-03-26 13:26:00,Basic,Active
133,Diego Oliveira,46.0,M,+5529975861944,2021-07-12 17:14:00,Gold,Active
134,Gabriel Alves,29.0,F,+5558915149775,2019-11-20 14:22:00,Basic,Active
135,Manuela Gomes,39.5,M,+5586991564555,2021-02-09 09:36:00,Gold,Active
136,Lucas Souza,23.0,F,+5537964984921,2021-09-20 12:02:00,Silver,Active
137,Karina Costa,32.0,F,+5570916158692,2024-10-01 12:20:00,Basic,Active
138,Bruno Alves,39.5,M,0,2020-08-20 11:17:00,Silver,Active
139,Fernanda Rodrigues,37.0,M,+5542981806530,2023-04-05 11:04:00,Gold,Churned
140,Isabela Pereira,38.0,M,+5573930159882,2020-07-27 13:07:00,Gold,Active
141,Pedro Carvalho,16.0,F,+5540911133474,2020-07-17 12:29:00,Silver,Active
142,Manuela Costa,55.0,F,0,2024-06-21 11:06:00,Silver,Active
143,Lucas Lima,50.0,F,+5597970543937,2019-03-12 12:20:00,Basic,Active
144,Matheus Gomes,38.0,F,0,2023-06-14 12:33:00,Gold,Active
145,Larissa Ribeiro,59.0,M,0,2019-05-10 11:52:00,Basic,Active
146,Mariana Costa,39.5,M,+5566954272562,2019-12-05 13:05:00,Gold,Active
147,Leonardo Pereira,20.0,F,+5515929386152,2025-02-02 17:26:00,Basic,Active
148,Diego Santos,52.0,M,+5560988566435,2025-05-10 13:06:00,Silver,Churned
149,Pedro Lima,38.0,M,+5520955807499,2020-02-05 14:25:00,Basic,Active
150,Guilherme Pereira,51.0,F,+5585962272404,2023-11-04 17:28:00,Basic,Active
151,Pedro Santos,40.0,M,+5524914991085,2023-05-15 14:47:00,Basic,Churned
152,Ana Oliveira,43.0,F,+5563916921430,2025-03-31 11:26:00,Silver,Active
153,Bruno Carvalho,34.0,F,+5582939779537,,Basic,Active
154,Beatriz Rodrigues,20.0,M,+5549979332260,2023-11-16 13:08:00,Gold,Active
155,Isabela Gomes,45.0,M,+5561954437224,2020-07-08 13:03:00,Basic,Active
156,Manuela Oliveira,54.0,M,+5561952285775,2024-05-16 10:00:00,Silver,Churned
157,Larissa Ferreira,41.0,F,+5536997039939,2020-04-11 09:21:00,Silver,Active
158,Guilherme Ribeiro,34.0,M,+5528949614965,2023-08-03 12:11:00,Basic,Active
159,Diego Santos,54.0,F,+5575968539907,2025-07-12 17:05:00,Gold,Active
160,Karina Gomes,21.0,M,+5556927251725,2021-10-13 15:14:00,Silver,Active
161,Bruno Martins,16.0,M,+5577991424621,2021-11-25 16:58:00,Basic,Churned
162,Leonardo Ribeiro,38.0,M,+5564914062901,2024-05-31 10:48:00,Silver,Active
163,Bruno Pereira,49.0,F,+5567974126225,2022-11-27 12:01:00,Basic,Active
164,Lucas Carvalho,22.0,M,+5581926236422,2021-09-26 14:54:00,Gold,Active
165,Diego Costa,56.0,F,0,2023-06-09 12:12:00,Silver,Active
166,Leonardo Alves,29.0,M,+5519994592667,2022-02-14 12:24:00,Silver,Active
167,Matheus Pereira,58.0,F,+5551997807367,2024-12-01 12:19:00,Silver,Active
168,Guilherme Gomes,59.0,F,0,2025-08-14 09:24:00,Basic,Active
169,Beatriz Santos,60.0,M,+5587922587286,2024-09-23 16:45:00,Basic,Active
170,Julia Lima,34.0,M,+5568908786882,2021-02-05 17:42:00,Basic,Active
171,Diego Lima,47.0,F,+5567980063740,2024-07-07 09:35:00,Basic,Churned
172,Beatriz Silva,50.0,F,+5583981159369,2020-11-19 12:37:00,Basic,Churned
173,Camila Lima,18.0,F,+5565916775055,2025-02-15 13:43:00,Gold,Active
174,Camila Carvalho,44.0,M,+5586957448015,2021-08-28 16:11:00,Basic,Active
175,Matheus Martins,39.5,F,+5579927586302,2024-12-20 17:23:00,Basic,Active
176,João Costa,24.0,F,+5594920783174,2019-08-31 12:06:00,Silver,Churned
177,Diego Pereira,56.0,F,+5520915257600,2023-08-24 15:42:00,Basic,Churned
178,Camila Pereira,36.0,M,+5569958692037,2020-01-17 17:26:00,Basic,Churned
179,Matheus Pereira,34.0,F,+5583979516631,2025-02-19 16:38:00,Silver,Active
180,Guilherme Silva,26.0,F,0,2024-02-13 11:33:00,Gold,Active
181,Gabriel Costa,33.0,M,+5558927111848,2023-01-16 16:16:00,Basic,Active
182,Larissa Alves,22.0,M,+5527997264705,2021-05-24 12:08:00,Basic,Active
183,Bruno Carvalho,43.0,M,0,2024-05-10 09:58:00,Basic,Active
184,Ana Santos,35.0,M,+5528923402120,2023-04-17 15:17:00,Basic,Active
185,Guilherme Ferreira,56.0,M,+5567935592420,2023-08-14 16:06:00,Basic,Active
186,Diego Ferreira,36.0,M,+5521940655668,2021-10-11 12:18:00,Silver,Churned
187,Beatriz Souza,48.0,M,+5517939219108,2023-05-24 13:54:00,Basic,Active
188,Pedro Lima,16.0,F,+5583968956986,2022-07-20 12:15:00,Basic,Active
189,Pedro Silva,16.0,F,0,2021-06-02 10:59:00,Basic,Churned
190,João Rodrigues,48.0,F,+5521987919808,2023-10-01 17:27:00,Basic,Active
191,João Souza,25.0,F,+5594910836081,2023-05-20 09:51:00,Silver,Churned
192,Mariana Souza,43.0,M,+5518950673877,2024-02-01 14:39:00,Silver,Active
193,Julia Pereira,49.0,F,+5545919341480,2020-11-14 09:02:00,Basic,Active
194,Rafael Ribeiro,56.0,M,+5557909089185,2024-07-25 15:30:00,Basic,Active
195,Ana Gomes,23.0,M,0,2024-09-15 17:25:00,Gold,Active
196,Mariana Pereira,25.0,M,+5594968704678,2019-05-25 14:12:00,Basic,Active
197,Rafael Carvalho,39.5,F,+5517929384656,,Gold,Churned
198,Pedro Pereira,35.0,F,+5512960444287,2019-12-20 16:06:00,Silver,Active
199,Larissa Pereira,47.0,M,+5542924661104,2025-02-16 17:41:00,Basic,Active
200,Lucas Ferreira,39.5,F,+5578939027878,2022-06-13 16:49:00,Basic,Churned
201,Rafael Santos,39.5,M,+5558975112391,2024-10-29 11:05:00,Silver,Active
202,Diego Santos,19.0,F,+5544951617438,2020-06-19 14:28:00,Silver,Active
203,Rafael Souza,39.5,M,+5585917853546,2020-07-11 16:39:00,Basic,Active
204,Ana Lima,29.0,F,+5526914813582,,Basic,Active
205,Manuela Silva,36.0,M,+5556964929412,2020-01-09 15:23:00,Basic,Churned
206,Julia Silva,44.0,M,+5528919891195,2020-01-23 09:15:00,Silver,Active
207,Matheus Carvalho,59.0,M,+5520903572056,2025-07-13 16:02:00,Silver,Churned
208,Pedro Carvalho,37.0,M,+5517927528096,2019-06-24 14:48:00,Basic,Active
209,Fernanda Oliveira,27.0,F,+5530905675026,2022-02-20 15:26:00,Basic,Churned
210,Isabela Silva,40.0,M,+5578940829907,2023-09-14 16:45:00,Gold,Churned
211,Camila Pereira,47.0,F,+5560944303946,2025-05-05 10:35:00,Silver,Active
212,Rafael Silva,46.0,F,+5531916405060,2025-07-20 13:52:00,Basic,Churned
213,Mariana Martins,30.0,F,+5533928854875,2022-12-24 16:59:00,Gold,Active
214,Leonardo Silva,38.0,M,+5574988826063,2025-04-25 10:36:00,Basic,Active
215,Manuela Souza,39.5,F,+5589933003137,2019-01-03 16:21:00,Basic,Churned
216,Bruno Silva,39.5,M,+5557911887120,2020-03-30 11:25:00,Silver,Active
217,Bruno Rodrigues,26.0,F,+5533992076846,2024-06-18 14:49:00,Silver,Active
218,Beatriz Ribeiro,24.0,M,+5584964151530,2019-01-08 13:25:00,Basic,Churned
219,Manuela Souza,22.0,F,+5520938996682,2020-07-30 15:31:00,Basic,Churned
220,Pedro Carvalho,56.0,F,0,2024-01-04 16:11:00,Basic,Active
221,Camila Rodrigues,16.0,M,+5564927257783,2023-04-30 12:59:00,Basic,Active
222,Ana Carvalho,52.0,M,+5515948311328,2020-10-28 10:39:00,Gold,Active
223,Julia Alves,20.0,M,+5589979091507,2022-10-16 12:19:00,Silver,Active
224,Fernanda Oliveira,39.5,F,+5563990789849,2021-04-21 14:35:00,Basic,Active
225,Mariana Alves,47.0,M,+5565914355825,2019-08-12 15:24:00,Silver,Active
226,Ana Silva,56.0,F,+5525950527512,2019-12-02 15:09:00,Gold,Active
227,Karina Alves,40.0,F,+5544972048619,,Gold,Active
228,Gabriel Martins,22.0,M,+5563996624727,2022-11-09 17:53:00,Gold,Churned
229,Fernanda Lima,46.0,M,+5561905689226,2024-05-04 09:50:00,Silver,Active
230,Manuela Oliveira,44.0,M,+5535920671699,2020-11-15 10:22:00,Gold,Active
231,Gabriel Carvalho,36.0,M,+5561990446343,2019-12-23 09:15:00,Silver,Churned
232,Lucas Martins,53.0,F,+5529992832641,2020-04-05 17:02:00,Silver,Active
233,Beatriz Carvalho,38.0,F,+5573993728750,2021-12-17 10:43:00,Basic,Active
234,Manuela Costa,18.0,F,+5517977855400,,Basic,Churned
235,Beatriz Rodrigues,47.0,M,+5567952575414,2021-07-22 16:53:00,Silver,Active
236,Guilherme Souza,42.0,F,+5518984423604,2024-10-16 15:52:00,Silver,Active
237,João Gomes,39.5,M,+5542905418478,2021-04-02 17:07:00,Basic,Active
238,Camila Carvalho,41.0,M,+5573997328308,2019-05-06 09:55:00,Gold,Active
239,Camila Ferreira,32.0,M,0,2022-03-13 12:08:00,Basic,Churned
240,Matheus Carvalho,30.0,M,+5576903281145,2022-01-07 13:29:00,Basic,Active
241,Lucas Souza,35.0,F,+5555975205128,2023-10-02 15:28:00,Basic,Active
242,Manuela Alves,16.0,F,+5588946315890,2025-04-18 14:57:00,Basic,Active
243,Rafael Costa,33.0,F,+5577939371930,2022-05-08 14:39:00,Gold,Active
244,Bruno Costa,17.0,F,+5564966287361,2022-04-25 11:52:00,Silver,Churned
245,Matheus Ferreira,30.0,F,+5532991463967,2023-01-08 09:35:00,Basic,Active
246,Karina Martins,59.0,F,+5539950317889,2020-01-01 12:49:00,Basic,Active
247,Beatriz Pereira,46.0,M,+5590911668736,2025-07-18 11:51:00,Silver,Churned
248,Diego Lima,19.0,M,+5554967048496,2020-07-16 13:51:00,Gold,Active
249,Pedro Pereira,27.0,F,0,2019-08-26 16:24:00,Basic,Churned
250,Julia Gomes,47.0,M,+5592970357609,2020-06-14 13:22:00,Basic,Active
251,Karina Souza,16.0,F,+5597900675076,2024-12-15 14:59:00,Gold,Active
252,Ana Alves,35.0,M,+5549947648469,2019-09-25 09:45:00,Silver,Active
253,Gabriel Ferreira,47.0,F,+5562903134742,2021-02-10 14:55:00,Gold,Active
254,Lucas Gomes,23.0,F,+5592941909761,2019-06-03 12:34:00,Silver,Active
255,Ana Costa,19.0,M,+5526989665140,2023-09-04 10:55:00,Basic,Active
256,Lucas Rodrigues,22.0,F,+5564917189381,2025-10-16 10:43:00,Basic,Active
257,Ana Pereira,28.0,F,+5556967135839,2024-11-12 16:44:00,Silver,Churned
258,Isabela Ferreira,16.0,M,+5596980953443,2020-03-28 17:10:00,Silver,Active
259,Ana Rodrigues,45.0,F,+5523928621646,2021-12-17 13:34:00,Basic,Active
260,Fernanda Ribeiro,18.0,M,+5532953846857,2020-07-20 17:43:00,Gold,Active
261,Pedro Ferreira,27.0,M,+5569944537319,2023-06-30 10:45:00,Basic,Active
262,Julia Santos,19.0,M,+5586979088178,2020-02-29 11:57:00,Basic,Active
263,Lucas Carvalho,24.0,F,+5563972201753,2024-06-22 17:19:00,Silver,Active
264,João Martins,52.0,M,+5599915608091,2022-10-17 10:18:00,Basic,Active
265,Diego Oliveira,51.0,M,+5531982838688,2019-02-17 14:58:00,Gold,Active
266,Isabela Ferreira,33.0,M,+5593962037607,2024-09-07 10:59:00,Basic,Active
267,Leonardo Pereira,47.0,F,+5574902912681,,Basic,Active
268,Pedro Martins,55.0,F,+5594974746584,2024-09-13 13:22:00,Basic,Active
269,Guilherme Ferreira,55.0,F,+5525915964633,2023-01-28 12:56:00,Basic,Active
270,Beatriz Lima,60.0,M,+5574923017704,2019-07-07 16:11:00,Silver,Active
271,Diego Souza,28.0,F,+5516996473018,2020-03-17 17:46:00,Basic,Active
272,João Oliveira,16.0,M,+5585979129328,2025-03-16 13:06:00,Gold,Active
273,Julia Ribeiro,22.0,F,+5552982597302,2025-09-25 13:10:00,Silver,Active
274,Larissa Rodrigues,37.0,F,+5528967629393,2024-01-29 09:47:00,Silver,Churned
275,Karina Costa,29.0,F,+5527929139255,2022-11-15 11:36:00,Silver,Active
276,Camila Lima,52.0,F,+5565902099564,2024-12-26 09:33:00,Basic,Active
277,Mariana Souza,26.0,F,+5518948354342,2021-10-23 16:51:00,Basic,Churned
278,Ana Gomes,51.0,M,+5576947121769,2025-04-17 11:18:00,Basic,Churned
279,Bruno Lima,39.5,F,+5567936957025,2021-04-11 12:30:00,Silver,Active
280,Matheus Rodrigues,59.0,M,+5576919557180,2021-02-04 16:36:00,Basic,Active
281,Julia Gomes,16.0,F,+5530906543518,2024-03-25 15:44:00,Silver,Churned
282,Manuela Carvalho,47.0,F,+5551986084603,2019-10-26 14:19:00,Silver,Churned
283,Julia Alves,41.0,M,+5538954376424,2022-12-02 09:38:00,Basic,Churned
284,João Pereira,57.0,M,+5568939374994,2020-04-14 14:26:00,Silver,Active
285,Ana Alves,34.0,M,+5558984269335,2024-10-18 14:32:00,Basic,Churned
286,Matheus Ferreira,22.0,M,+5591910724453,2025-01-12 11:51:00,Silver,Churned
287,Fernanda Carvalho,50.0,F,+5530903898523,2019-10-23 15:23:00,Basic,Active
288,Julia Martins,20.0,M,+5568966268094,2021-11-25 17:40:00,Basic,Active
289,Lucas Costa,20.0,M,+5575917385748,2019-10-25 11:56:00,Basic,Active
290,Guilherme Alves,58.0,M,+5539922347406,2024-04-25 11:45:00,Gold,Active
291,Gabriel Rodrigues,57.0,F,+5582923163019,2019-02-15 11:59:00,Silver,Active
292,Karina Santos,38.0,M,+5576923333637,2023-08-18 16:35:00,Silver,Active
293,Ana Oliveira,52.0,M,+5581911985762,2025-02-26 09:16:00,Basic,Active
294,Leonardo Pereira,38.0,M,+5590911434170,2021-08-18 17:59:00,Basic,Active
295,Beatriz Ribeiro,52.0,F,+5532900796131,2022-07-19 15:38:00,Basic,Active
296,Fernanda Rodrigues,24.0,F,+5556950048978,2024-05-19 13:14:00,Basic,Active
297,Rafael Carvalho,50.0,M,+5591912522235,2021-12-14 14:19:00,Gold,Active
298,Leonardo Gomes,53.0,M,+5580988428734,2019-05-31 17:15:00,Basic,Active
299,Leonardo Ribeiro,24.0,F,+5561959619227,2024-08-14 15:50:00,Basic,Churned
300,Manuela Costa,48.0,M,+5583992703395,2024-01-02 11:05:00,Basic,Active
